{"cameraMode":{"drawMode":0,"name":"Shaded","section":"Shading Mode"},"sceneLighting":false,"audioPlay":false,"sceneViewState":{"m_AlwaysRefresh":false,"showFog":true,"showSkybox":false,"showFlares":true,"showImageEffects":true,"showParticleSystems":true,"showVisualEffectGraphs":true,"m_FxEnabled":true},"in2DMode":false,"pivot":{"x":0.34757310152053835,"y":1.0098199844360352,"z":-1.341722846031189},"rotation":{"x":-0.1136409267783165,"y":0.17987902462482453,"z":-0.020925376564264299,"w":-0.9768782258033752},"size":0.7973023653030396,"orthographic":false}